Tên sản phẩm,Giá (VND),Hãng,Nhà cung cấp
MacBook Air M2 8GB/256GB,24990000,Apple,Thế Giới Di Động
MacBook Pro M3 16GB/512GB,45990000,Apple,FPT Shop
MacBook Air M3 16GB/512GB,32990000,Apple,CellphoneS
Dell XPS 13 Plus 9320,41990000,Dell,Thế Giới Di Động
Dell Inspiron 14 5430,16990000,Dell,FPT Shop
Dell Vostro 3430,12490000,Dell,Viettel Store
HP Pavilion 14-dv2073TU,15490000,HP,Thế Giới Di Động
HP Envy x360 14,22990000,HP,CellphoneS
HP Omen 16,35990000,HP,FPT Shop
Asus Zenbook 14 OLED,24990000,Asus,Thế Giới Di Động
Asus Vivobook Go 14,10490000,Asus,Viettel Store
Asus ROG Zephyrus G14,42990000,Asus,CellphoneS
Lenovo ThinkPad X1 Carbon Gen 11,48990000,Lenovo,FPT Shop
Lenovo IdeaPad Slim 3,11990000,Lenovo,Thế Giới Di Động
Lenovo Legion 5 Pro,36990000,Lenovo,CellphoneS
Acer Aspire 3 A315,9990000,Acer,Viettel Store
Acer Nitro V 15,21490000,Acer,FPT Shop
Acer Predator Helios Neo 16,33990000,Acer,Thế Giới Di Động
MSI Modern 14,11490000,MSI,CellphoneS
MSI Cyborg 15,20990000,MSI,FPT Shop
